{
    "timestamp": "2024-12-22T01:57:31.461754+00:00",
    "test_type": "bandwidth",
    "protocol": "UDP",
    "parameters": {
        "server": "192.168.1.105",
        "duration_seconds": 10,
        "packet_size": 64
    },
    "results": {
        "bits_per_second": 1048513.4760544585,
        "lost_packets": 0,
        "lost_percent": 0,
        "bytes_transferred": 1310656,
        "Jitter": 0.01434436143947361,
        "packets": 20479
    }
}