{
    "timestamp": "2024-12-22T01:57:50.841769+00:00",
    "test_type": "bandwidth",
    "protocol": "UDP",
    "parameters": {
        "server": "192.168.1.105",
        "duration_seconds": 10,
        "packet_size": 128
    },
    "results": {
        "bits_per_second": 1048559.7473239165,
        "lost_packets": 0,
        "lost_percent": 0,
        "bytes_transferred": 1310720,
        "Jitter": 0.027511802933015014,
        "packets": 10240
    }
}