{
    "timestamp": "2024-12-12T17:46:04.190999+00:00",
    "test_type": "bandwidth",
    "protocol": "UDP",
    "parameters": {
        "server": "10.181.9.101",
        "duration_seconds": 10,
        "packet_size": 64
    },
    "results": {
        "bits_per_second": 1048512.1130034326,
        "lost_packets": 0,
        "lost_percent": 0,
        "bytes_transferred": 1310656,
        "Jitter": 0.011930094596996284,
        "packets": 20479
    }
}