{
    "timestamp": "2024-12-12T17:47:21.743091+00:00",
    "test_type": "bandwidth",
    "protocol": "UDP",
    "parameters": {
        "server": "10.181.9.101",
        "duration_seconds": 10,
        "packet_size": 1024
    },
    "results": {
        "bits_per_second": 1048565.3046338927,
        "lost_packets": 0,
        "lost_percent": 0,
        "bytes_transferred": 1310720,
        "Jitter": 0.00912478474255508,
        "packets": 1280
    }
}