{
    "timestamp": "2024-12-12T17:46:42.966845+00:00",
    "test_type": "bandwidth",
    "protocol": "UDP",
    "parameters": {
        "server": "10.181.9.101",
        "duration_seconds": 10,
        "packet_size": 256
    },
    "results": {
        "bits_per_second": 1048566.4580452319,
        "lost_packets": 0,
        "lost_percent": 0,
        "bytes_transferred": 1310720,
        "Jitter": 0.03028742188779416,
        "packets": 5120
    }
}