{
    "timestamp": "2024-12-20T21:42:56.702897+00:00",
    "test_type": "bandwidth",
    "protocol": "UDP",
    "parameters": {
        "server": "192.168.68.113",
        "duration_seconds": 10,
        "packet_size": 512
    },
    "results": {
        "bits_per_second": 1048563.3123839202,
        "lost_packets": 0,
        "lost_percent": 0,
        "bytes_transferred": 1310720,
        "Jitter": 0.014156045643685783,
        "packets": 2560
    }
}