{
    "timestamp": "2024-12-20T21:42:37.304133+00:00",
    "test_type": "bandwidth",
    "protocol": "UDP",
    "parameters": {
        "server": "192.168.68.113",
        "duration_seconds": 10,
        "packet_size": 256
    },
    "results": {
        "bits_per_second": 1048555.1337528382,
        "lost_packets": 0,
        "lost_percent": 0,
        "bytes_transferred": 1310720,
        "Jitter": 0.011985401681310312,
        "packets": 5120
    }
}