{
    "timestamp": "2024-12-20T21:43:16.094704+00:00",
    "test_type": "bandwidth",
    "protocol": "UDP",
    "parameters": {
        "server": "192.168.68.113",
        "duration_seconds": 10,
        "packet_size": 1024
    },
    "results": {
        "bits_per_second": 1048562.1589795013,
        "lost_packets": 0,
        "lost_percent": 0,
        "bytes_transferred": 1310720,
        "Jitter": 0.00791440873963931,
        "packets": 1280
    }
}