{
    "timestamp": "2024-12-16T19:15:30.221989+00:00",
    "test_type": "bandwidth",
    "protocol": "UDP",
    "parameters": {
        "server": "192.168.0.21",
        "duration_seconds": 10,
        "packet_size": 1024
    },
    "results": {
        "bits_per_second": 1048566.0386226331,
        "lost_packets": 0,
        "lost_percent": 0,
        "bytes_transferred": 1310720,
        "Jitter": 0.028827529605041688,
        "packets": 1280
    }
}