{
    "timestamp": "2024-12-16T19:14:32.037363+00:00",
    "test_type": "bandwidth",
    "protocol": "UDP",
    "parameters": {
        "server": "192.168.0.21",
        "duration_seconds": 10,
        "packet_size": 128
    },
    "results": {
        "bits_per_second": 1048562.997818827,
        "lost_packets": 0,
        "lost_percent": 0,
        "bytes_transferred": 1310720,
        "Jitter": 0.020121588160365682,
        "packets": 10240
    }
}