{
    "timestamp": "2024-12-22T01:44:30.137448+00:00",
    "test_type": "bandwidth",
    "protocol": "UDP",
    "parameters": {
        "server": "192.168.1.105",
        "duration_seconds": 10,
        "packet_size": 256
    },
    "results": {
        "bits_per_second": 1048562.7881088698,
        "lost_packets": 0,
        "lost_percent": 0,
        "bytes_transferred": 1310720,
        "Jitter": 0.015968443147078612,
        "packets": 5120
    }
}