{
    "timestamp": "2024-12-22T01:55:14.105781+00:00",
    "test_type": "bandwidth",
    "protocol": "UDP",
    "parameters": {
        "server": "192.168.1.105",
        "duration_seconds": 10,
        "packet_size": 128
    },
    "results": {
        "bits_per_second": 1048546.7455457991,
        "lost_packets": 0,
        "lost_percent": 0,
        "bytes_transferred": 1310720,
        "Jitter": 0.027255659095170172,
        "packets": 10240
    }
}