{
    "timestamp": "2024-12-22T02:01:31.194755+00:00",
    "test_type": "bandwidth",
    "protocol": "UDP",
    "parameters": {
        "server": "192.168.1.105",
        "duration_seconds": 10,
        "packet_size": 64
    },
    "results": {
        "bits_per_second": 1048510.8548056311,
        "lost_packets": 0,
        "lost_percent": 0,
        "bytes_transferred": 1310656,
        "Jitter": 0.02271784354578629,
        "packets": 20479
    }
}