{
    "timestamp": "2024-12-05T14:48:11.951828+00:00",
    "test_type": "bandwidth",
    "protocol": "UDP",
    "parameters": {
        "server": "10.181.1.42",
        "duration_seconds": 10,
        "packet_size": 1536
    },
    "results": {
        "bits_per_second": 1049384.8110903702,
        "lost_packets": 2,
        "lost_percent": 0.234192037470726,
        "bytes_transferred": 1311744,
        "Jitter": 15.299029697673332,
        "packets": 854
    }
}