{
    "timestamp": "2024-12-22T01:40:52.822744+00:00",
    "test_type": "bandwidth",
    "protocol": "UDP",
    "parameters": {
        "server": "192.168.1.105",
        "duration_seconds": 10,
        "packet_size": 64
    },
    "results": {
        "bits_per_second": 1048512.8469535448,
        "lost_packets": 0,
        "lost_percent": 0,
        "bytes_transferred": 1310656,
        "Jitter": 0.01412731052557543,
        "packets": 20479
    }
}